INSERT INTO cliente (idCliente, nombreCliente, apellidoCliente, correoCliente, telefonoCliente) VALUES
(1, 'Ana', 'López', 'ana.lopez@gmail.com', '55110001'),
(2, 'Carlos', 'Pérez', 'carlos.perez@gmail.com', '55110002'),
(3, 'María', 'García', 'maria.garcia@gmail.com', '55110003'),
(4, 'José', 'Ramírez', 'jose.ramirez@gmail.com', '55110004'),
(5, 'Sofía', 'Hernández', 'sofia.hernandez@gmail.com', '55110005'),
(6, 'Luis', 'Morales', 'luis.morales@gmail.com', '55110006'),
(7, 'Valeria', 'Castillo', 'valeria.castillo@gmail.com', '55110007'),
(8, 'Diego', 'Méndez', 'diego.mendez@gmail.com', '55110008'),
(9, 'Fernanda', 'Ruiz', 'fernanda.ruiz@gmail.com', '55110009'),
(10, 'Javier', 'Flores', 'javier.flores@gmail.com', '55110010'),
(11, 'Daniela', 'Torres', 'daniela.torres@gmail.com', '55110011'),
(12, 'Miguel', 'Ortega', 'miguel.ortega@gmail.com', '55110012'),
(13, 'Paula', 'Vásquez', 'paula.vasquez@gmail.com', '55110013'),
(14, 'Andrés', 'Aguilar', 'andres.aguilar@gmail.com', '55110014'),
(15, 'Lucía', 'Navarro', 'lucia.navarro@gmail.com', '55110015'),
(16, 'Ricardo', 'Herrera', 'ricardo.herrera@gmail.com', '55110016'),
(17, 'Camila', 'Soto', 'camila.soto@gmail.com', '55110017'),
(18, 'Alejandro', 'Cruz', 'alejandro.cruz@gmail.com', '55110018'),
(19, 'Gabriela', 'Reyes', 'gabriela.reyes@gmail.com', '55110019'),
(20, 'Esteban', 'Campos', 'esteban.campos@gmail.com', '55110020'),
(21, 'Natalia', 'Chávez', 'natalia.chavez@gmail.com', '55110021'),
(22, 'Pablo', 'Toledo', 'pablo.toledo@gmail.com', '55110022'),
(23, 'Andrea', 'León', 'andrea.leon@gmail.com', '55110023'),
(24, 'Kevin', 'Fuentes', 'kevin.fuentes@gmail.com', '55110024'),
(25, 'Isabela', 'Mejía', 'isabela.mejia@gmail.com', '55110025');

INSERT INTO direccion_cliente (idDireccion, direccionCliente, ciudad, idCliente) VALUES
(1, 'Zona 1, 5a avenida 10-20', 'Guatemala', 1),
(2, 'Zona 2, 3a calle 12-34', 'Guatemala', 2),
(3, 'Zona 3, 8a avenida 4-56', 'Guatemala', 3),
(4, 'Zona 4, 7a calle 9-87', 'Guatemala', 4),
(5, 'Zona 5, 1a avenida 3-21', 'Guatemala', 5),
(6, 'Zona 6, 10a calle 14-22', 'Guatemala', 6),
(7, 'Zona 7, colonia Molino 8-11', 'Guatemala', 7),
(8, 'Zona 8, avenida Petapa 15-10', 'Guatemala', 8),
(9, 'Zona 9, 6a avenida 7-77', 'Guatemala', 9),
(10, 'Zona 10, 2a calle 13-44', 'Guatemala', 10),
(11, 'Zona 11, colonia Mariscal 9-08', 'Guatemala', 11),
(12, 'Zona 12, Reformita 18-90', 'Guatemala', 12),
(13, 'Zona 13, Aurora 4-32', 'Guatemala', 13),
(14, 'Zona 14, 10a avenida 16-52', 'Guatemala', 14),
(15, 'Zona 15, Vista Hermosa 20-61', 'Guatemala', 15),
(16, 'Mixco, Bosques de San Nicolás 3-15', 'Mixco', 16),
(17, 'Villa Nueva, Bárcenas 2-45', 'Villa Nueva', 17),
(18, 'San Miguel Petapa, 5a calle 6-12', 'Petapa', 18),
(19, 'Amatitlán, barrio central 1-33', 'Amatitlán', 19),
(20, 'Fraijanes, km 18 carretera 4-10', 'Fraijanes', 20),
(21, 'Santa Catarina Pinula, 9-21', 'Pinula', 21),
(22, 'Zona 16, Cayalá 7-08', 'Guatemala', 22),
(23, 'Zona 17, colonia Lourdes 12-76', 'Guatemala', 23),
(24, 'Zona 18, Atlántida 5-67', 'Guatemala', 24),
(25, 'Zona 21, Nimajuyú 11-43', 'Guatemala', 25);

INSERT INTO empleado (idEmpleado, nombreEmpleado, apellidoEmpleado, puesto) VALUES
(1, 'Marco', 'Estrada', 'Cajero'),
(2, 'Paola', 'Juárez', 'Cajero'),
(3, 'Erick', 'Molina', 'Supervisor'),
(4, 'Diana', 'Pineda', 'Bodeguero'),
(5, 'Sergio', 'Maldonado', 'Vendedor'),
(6, 'Tatiana', 'Rojas', 'Vendedor'),
(7, 'Óscar', 'Luna', 'Cajero'),
(8, 'Melissa', 'Gómez', 'Supervisor'),
(9, 'Julio', 'Roldán', 'Bodeguero'),
(10, 'Karen', 'Santos', 'Vendedor'),
(11, 'Héctor', 'Lemus', 'Cajero'),
(12, 'Mónica', 'Barrera', 'Supervisor'),
(13, 'Iván', 'Paz', 'Bodeguero'),
(14, 'Silvia', 'Cifuentes', 'Vendedor'),
(15, 'Renato', 'Arias', 'Cajero'),
(16, 'Patricia', 'Vela', 'Supervisor'),
(17, 'Noé', 'Rivera', 'Bodeguero'),
(18, 'Alicia', 'Peña', 'Vendedor'),
(19, 'Byron', 'Delgado', 'Cajero'),
(20, 'Claudia', 'Monzón', 'Supervisor'),
(21, 'Fredy', 'Escobar', 'Vendedor'),
(22, 'Lorena', 'Rosales', 'Cajero'),
(23, 'Mario', 'Valdez', 'Bodeguero'),
(24, 'Verónica', 'Serrano', 'Vendedor'),
(25, 'Néstor', 'Ibarra', 'Supervisor');

INSERT INTO categoria (idCategoria, nombreCategoria, descripcionCategoria) VALUES
(1, 'Bebidas', 'Productos líquidos para consumo'),
(2, 'Snacks', 'Botanas y golosinas'),
(3, 'Limpieza', 'Productos para limpieza del hogar'),
(4, 'Lácteos', 'Leche, queso y derivados'),
(5, 'Panadería', 'Pan, galletas y repostería'),
(6, 'Enlatados', 'Productos empacados en lata'),
(7, 'Granos', 'Arroz, frijol y otros granos'),
(8, 'Carnes frías', 'Jamón, salchichas y embutidos'),
(9, 'Cuidado personal', 'Higiene y cuidado diario'),
(10, 'Congelados', 'Productos almacenados en congelación'),
(11, 'Frutas', 'Frutas frescas'),
(12, 'Verduras', 'Verduras frescas'),
(13, 'Mascotas', 'Alimentos y accesorios para mascotas'),
(14, 'Papelería', 'Útiles escolares y oficina'),
(15, 'Hogar', 'Artículos varios para el hogar'),
(16, 'Electrónica', 'Accesorios electrónicos'),
(17, 'Farmacia', 'Productos básicos de salud'),
(18, 'Desayunos', 'Cereales, avena y similares'),
(19, 'Salsas', 'Salsas y condimentos'),
(20, 'Pastas', 'Pastas y fideos'),
(21, 'Aceites', 'Aceites y mantecas'),
(22, 'Bebidas calientes', 'Café, té y chocolate'),
(23, 'Postres', 'Dulces y postres'),
(24, 'Repostería', 'Ingredientes para repostería'),
(25, 'Bebidas energéticas', 'Bebidas estimulantes');

INSERT INTO proveedor (idProveedor, nombreProveedor, telefonoProveedor, correoProveedor) VALUES
(1, 'Distribuidora Central', '24000001', 'ventas1@proveedor.com'),
(2, 'Alimentos del Valle', '24000002', 'ventas2@proveedor.com'),
(3, 'Comercial La Economía', '24000003', 'ventas3@proveedor.com'),
(4, 'Importadora El Sol', '24000004', 'ventas4@proveedor.com'),
(5, 'Mayorista Maya', '24000005', 'ventas5@proveedor.com'),
(6, 'Surtidora Express', '24000006', 'ventas6@proveedor.com'),
(7, 'Bodega Regional', '24000007', 'ventas7@proveedor.com'),
(8, 'Inversiones del Norte', '24000008', 'ventas8@proveedor.com'),
(9, 'Proveedor Selecto', '24000009', 'ventas9@proveedor.com'),
(10, 'Almacenes Unidos', '24000010', 'ventas10@proveedor.com'),
(11, 'Global Foods', '24000011', 'ventas11@proveedor.com'),
(12, 'Suministros GT', '24000012', 'ventas12@proveedor.com'),
(13, 'Productos Chapines', '24000013', 'ventas13@proveedor.com'),
(14, 'Logística Comercial', '24000014', 'ventas14@proveedor.com'),
(15, 'Mercantil Plus', '24000015', 'ventas15@proveedor.com'),
(16, 'Alimentos Premium', '24000016', 'ventas16@proveedor.com'),
(17, 'Abastecedora Nacional', '24000017', 'ventas17@proveedor.com'),
(18, 'Distribuciones Modernas', '24000018', 'ventas18@proveedor.com'),
(19, 'Proveedor Integral', '24000019', 'ventas19@proveedor.com'),
(20, 'Comercial del Pacífico', '24000020', 'ventas20@proveedor.com'),
(21, 'Centro de Insumos', '24000021', 'ventas21@proveedor.com'),
(22, 'Grupo Mercadeo', '24000022', 'ventas22@proveedor.com'),
(23, 'Importadora Continental', '24000023', 'ventas23@proveedor.com'),
(24, 'Surtimax', '24000024', 'ventas24@proveedor.com'),
(25, 'Distribuidora Metropolitana', '24000025', 'ventas25@proveedor.com');

INSERT INTO metodo_pago (idMetodoPago, tipoMetodoPago) VALUES
(1, 'Efectivo'),
(2, 'Tarjeta de débito'),
(3, 'Tarjeta de crédito'),
(4, 'Transferencia bancaria'),
(5, 'Pago móvil'),
(6, 'Código QR'),
(7, 'Vale de tienda'),
(8, 'Cheque'),
(9, 'Depósito bancario'),
(10, 'Billetera digital'),
(11, 'Pago contra entrega'),
(12, 'Crédito interno'),
(13, 'Gift card'),
(14, 'Puntos de fidelidad'),
(15, 'Pago mixto'),
(16, 'ACH'),
(17, 'Bi Pago'),
(18, 'Bam App'),
(19, 'BAC móvil'),
(20, 'Promerica App'),
(21, 'Transferencia inmediata'),
(22, 'Pago en línea'),
(23, 'POS inalámbrico'),
(24, 'Cobro telefónico'),
(25, 'Cupón promocional');

INSERT INTO producto (idProducto, nombreProducto, precio, stock, idCategoria, idProveedor) VALUES
(1, 'Coca Cola 2L', 18.50, 40, 1, 1),
(2, 'Pepsi 1.5L', 14.00, 35, 1, 2),
(3, 'Tortrix chile limón', 4.50, 60, 2, 3),
(4, 'Jabón en polvo 1kg', 28.00, 25, 3, 4),
(5, 'Leche entera 1L', 10.50, 45, 4, 5),
(6, 'Pan molde blanco', 16.75, 30, 5, 6),
(7, 'Atún en agua', 11.25, 40, 6, 7),
(8, 'Arroz blanco 5lb', 24.00, 28, 7, 8),
(9, 'Jamón de pavo', 19.50, 20, 8, 9),
(10, 'Shampoo 400ml', 32.00, 22, 9, 10),
(11, 'Pizza congelada', 38.00, 18, 10, 11),
(12, 'Manzana roja lb', 9.00, 50, 11, 12),
(13, 'Tomate lb', 6.50, 55, 12, 13),
(14, 'Concentrado para perro', 65.00, 15, 13, 14),
(15, 'Cuaderno profesional', 12.00, 70, 14, 15),
(16, 'Detergente líquido 2L', 34.00, 24, 3, 16),
(17, 'Aceite vegetal 1L', 17.50, 33, 21, 17),
(18, 'Espagueti 400g', 7.25, 48, 20, 18),
(19, 'Salsa de tomate 500g', 8.00, 36, 19, 19),
(20, 'Cereal de maíz', 26.00, 27, 18, 20),
(21, 'Café molido 250g', 22.00, 19, 22, 21),
(22, 'Chocolate para taza', 15.00, 21, 22, 22),
(23, 'Gel antibacterial 250ml', 13.50, 29, 17, 23),
(24, 'Pastelito de chocolate', 6.00, 32, 23, 24),
(25, 'Bebida energética 473ml', 12.50, 26, 25, 25);

INSERT INTO inventario_movimiento (idMovimiento, tipo, cantidad, fecha, idProducto) VALUES
(1, 'entrada', 20, '2026-04-01', 1),
(2, 'salida', 5, '2026-04-02', 2),
(3, 'entrada', 15, '2026-04-03', 3),
(4, 'salida', 4, '2026-04-04', 4),
(5, 'entrada', 18, '2026-04-05', 5),
(6, 'salida', 6, '2026-04-06', 6),
(7, 'entrada', 12, '2026-04-07', 7),
(8, 'salida', 3, '2026-04-08', 8),
(9, 'entrada', 10, '2026-04-09', 9),
(10, 'salida', 2, '2026-04-10', 10),
(11, 'entrada', 14, '2026-04-11', 11),
(12, 'salida', 7, '2026-04-12', 12),
(13, 'entrada', 16, '2026-04-13', 13),
(14, 'salida', 5, '2026-04-14', 14),
(15, 'entrada', 11, '2026-04-15', 15),
(16, 'salida', 4, '2026-04-16', 16),
(17, 'entrada', 13, '2026-04-17', 17),
(18, 'salida', 6, '2026-04-18', 18),
(19, 'entrada', 17, '2026-04-19', 19),
(20, 'salida', 5, '2026-04-20', 20),
(21, 'entrada', 19, '2026-04-21', 21),
(22, 'salida', 4, '2026-04-22', 22),
(23, 'entrada', 12, '2026-04-23', 23),
(24, 'salida', 3, '2026-04-24', 24),
(25, 'entrada', 10, '2026-04-25', 25);

INSERT INTO venta (idVenta, fecha, total, idCliente, idEmpleado) VALUES
(1, '2026-04-01', 37.00, 1, 1),
(2, '2026-04-02', 28.00, 2, 2),
(3, '2026-04-03', 13.50, 3, 3),
(4, '2026-04-04', 56.00, 4, 4),
(5, '2026-04-05', 21.00, 5, 5),
(6, '2026-04-06', 33.50, 6, 6),
(7, '2026-04-07', 22.50, 7, 7),
(8, '2026-04-08', 48.00, 8, 8),
(9, '2026-04-09', 19.50, 9, 9),
(10, '2026-04-10', 64.00, 10, 10),
(11, '2026-04-11', 38.00, 11, 11),
(12, '2026-04-12', 18.00, 12, 12),
(13, '2026-04-13', 26.00, 13, 13),
(14, '2026-04-14', 65.00, 14, 14),
(15, '2026-04-15', 24.00, 15, 15),
(16, '2026-04-16', 34.00, 16, 16),
(17, '2026-04-17', 17.50, 17, 17),
(18, '2026-04-18', 14.50, 18, 18),
(19, '2026-04-19', 16.00, 19, 19),
(20, '2026-04-20', 26.00, 20, 20),
(21, '2026-04-21', 22.00, 21, 21),
(22, '2026-04-22', 15.00, 22, 22),
(23, '2026-04-23', 13.50, 23, 23),
(24, '2026-04-24', 12.00, 24, 24),
(25, '2026-04-25', 25.00, 25, 25);

INSERT INTO detalle_venta (idDetalle, idVenta, idProducto, cantidad, precioUnitario, subtotal) VALUES
(1, 1, 1, 2, 18.50, 37.00),
(2, 2, 2, 2, 14.00, 28.00),
(3, 3, 3, 3, 4.50, 13.50),
(4, 4, 4, 2, 28.00, 56.00),
(5, 5, 5, 2, 10.50, 21.00),
(6, 6, 6, 2, 16.75, 33.50),
(7, 7, 7, 2, 11.25, 22.50),
(8, 8, 8, 2, 24.00, 48.00),
(9, 9, 9, 1, 19.50, 19.50),
(10, 10, 10, 2, 32.00, 64.00),
(11, 11, 11, 1, 38.00, 38.00),
(12, 12, 12, 2, 9.00, 18.00),
(13, 13, 13, 4, 6.50, 26.00),
(14, 14, 14, 1, 65.00, 65.00),
(15, 15, 15, 2, 12.00, 24.00),
(16, 16, 16, 1, 34.00, 34.00),
(17, 17, 17, 1, 17.50, 17.50),
(18, 18, 18, 2, 7.25, 14.50),
(19, 19, 19, 2, 8.00, 16.00),
(20, 20, 20, 1, 26.00, 26.00),
(21, 21, 21, 1, 22.00, 22.00),
(22, 22, 22, 1, 15.00, 15.00),
(23, 23, 23, 1, 13.50, 13.50),
(24, 24, 24, 2, 6.00, 12.00),
(25, 25, 25, 2, 12.50, 25.00);

INSERT INTO pago (idPago, monto, fecha, idVenta, idMetodoPago) VALUES
(1, 37.00, '2026-04-01', 1, 1),
(2, 28.00, '2026-04-02', 2, 2),
(3, 13.50, '2026-04-03', 3, 3),
(4, 56.00, '2026-04-04', 4, 4),
(5, 21.00, '2026-04-05', 5, 5),
(6, 33.50, '2026-04-06', 6, 6),
(7, 22.50, '2026-04-07', 7, 7),
(8, 48.00, '2026-04-08', 8, 8),
(9, 19.50, '2026-04-09', 9, 9),
(10, 64.00, '2026-04-10', 10, 10),
(11, 38.00, '2026-04-11', 11, 11),
(12, 18.00, '2026-04-12', 12, 12),
(13, 26.00, '2026-04-13', 13, 13),
(14, 65.00, '2026-04-14', 14, 14),
(15, 24.00, '2026-04-15', 15, 15),
(16, 34.00, '2026-04-16', 16, 16),
(17, 17.50, '2026-04-17', 17, 17),
(18, 14.50, '2026-04-18', 18, 18),
(19, 16.00, '2026-04-19', 19, 19),
(20, 26.00, '2026-04-20', 20, 20),
(21, 22.00, '2026-04-21', 21, 21),
(22, 15.00, '2026-04-22', 22, 22),
(23, 13.50, '2026-04-23', 23, 23),
(24, 12.00, '2026-04-24', 24, 24),
(25, 25.00, '2026-04-25', 25, 25);